Business,Phone,Presence,Email (Enriched),Search Provider Used,Town,Service,Rating,GoogleMaps Link
Precision Roofing,(413) 930-1126,No website,officemanager@precisionroofinginc.com,Serper,133 White St,roofer,5.0,https://www.google.com/maps/place/?q=place_id:ChIJhZLGPnrn5okRgYR6K-3-7oY
Joanna's housekeeping Services LLC,(541) 556-5678,No website,Barnesjoanna@yahoo.com,Serper,274 S 41st St,cleaning,5.0,https://www.google.com/maps/place/?q=place_id:ChIJv3ol_IbhwFQRca1cf_lAuUk
"Austin Accounting Services, Inc.",(802) 885-5340,No website,"ellen@vermontbiz.com, cka32706@gmail.com, accounting@premiermove.com, tmccarty@torchmarkcorp.com",Serper,368 River St,accountant,5.0,https://www.google.com/maps/place/?q=place_id:ChIJKZbiMay54YkRAurzSOEnABg
Copeland Accounting & Tax Services,(417) 887-9107,No website,susan@copelandaccounting.com,Serper,5335 S Campbell Ave,accountant,5.0,https://www.google.com/maps/place/?q=place_id:ChIJ4dlt3ZB8z4cRCRGdIggtUrw
O K Corral Hair Shaping Salon,(217) 544-2210,No website,"info@502.com, contact@502.com, o@502.com",Pattern Generator,502 W Carpenter St,barber,5.0,https://www.google.com/maps/place/?q=place_id:ChIJqd9w6tI5dYgRbnfhVjFOvFE
Family Guys Handyman Llc,(253) 228-6445,No website,"info@3201.com, contact@3201.com, family@3201.com",Pattern Generator,3201 E R St,handyman,5.0,https://www.google.com/maps/place/?q=place_id:ChIJwYm2LmsDkVQRXVn5v7GsVcM
Electrician Springfield VA,(571) 462-2370,No website,info@apexelectromechs.com,Serper,8016 Sleepy View Ln,electrician,5.0,https://www.google.com/maps/place/?q=place_id:ChIJby_LiuVTtokR8wjwJBoBEPk
Certified Appliance Repair,(417) 890-5679,No website,"info@2300.com, contact@2300.com, certified@2300.com",Pattern Generator,2300 W Farm Rd 182,appliance,5.0,https://www.google.com/maps/place/?q=place_id:ChIJVWaSk4Blz4cRsRfnBRWCdFo
"Star Lawns,LLC",(601) 447-2355,No website,"info@5035.com, contact@5035.com, star@5035.com",Pattern Generator,5035 W 4th St,landscaper,5.0,https://www.google.com/maps/place/?q=place_id:ChIJ1aq1YcnfnIgR_oMXLvQFJHs
Pioneer Valley Electric,(413) 732-2475,No website,pioneervalleyelectric@gmail.com,Serper,128 Federal St,electrician,5.0,https://www.google.com/maps/place/?q=place_id:ChIJ1VhrmRrn5okRVTk8KBOGzWk
Dog Walker/ Pet Sitter/ Y & H Services / Springfield Mas,(413) 885-1538,No website,"info@214.com, contact@214.com, dog@214.com",Pattern Generator,214 Woodlawn St,dog,5.0,https://www.google.com/maps/place/?q=place_id:ChIJr8rWYWrm5okRZAT9YVOJBVc
C&M Towing & Recovery LLC,(417) 988-2473,No website,cmtowing2019@gmail.com,Serper,Mills Rd,towing,4.9,https://www.google.com/maps/place/?q=place_id:ChIJ3y9tWHNvz4cR0CjFN1wzPE8
Appliance repair service LLC,(413) 885-5418,No website,sales@firstelectricmotor.com,Serper,106 Bostwick Ln,appliance,4.8,https://www.google.com/maps/place/?q=place_id:ChIJBTRtDE_d5okROEugytoac68
Fairley Construction,(601) 583-3778,No website,"info@828.com, contact@828.com, fairley@828.com",Pattern Generator,828 US-11,contractor,4.8,https://www.google.com/maps/place/?q=place_id:ChIJy2gr0oTcnIgRHmXx-XZUvRM
Elven's Garage,(417) 831-0091,No website,citytocitymarket.pfs@gmail.com,Serper,731 E Atlantic St,auto,4.8,https://www.google.com/maps/place/?q=place_id:ChIJmYBOgJNiz4cRTEjIZCjgQFY
Innovative Salon,(417) 862-1332,No website,info@hairreplacementkc.com,Serper,338 E Kearney St,hair,4.8,https://www.google.com/maps/place/?q=place_id:ChIJWU8m-o9iz4cRPqju40gR3iM
Richard Hiatt Construction,(601) 296-9909,No website,RichHiatt@comcast.net,Serper,15 Keystone Dr # C,contractor,4.8,https://www.google.com/maps/place/?q=place_id:ChIJhX6v1gQhnYgR28J61oKxewg
The Hair Studio,(217) 502-9455,No website,amanikko@hotmail.com,Serper,1305 Wabash Ave Suite L,hair,4.7,https://www.google.com/maps/place/?q=place_id:ChIJL8uEivc5dYgR2iGMSBMtzsQ
Appliance Warehouse,(417) 812-9662,No website,"info@501.com, contact@501.com, appliance@501.com",Pattern Generator,501 N Main Ave,appliance,4.7,https://www.google.com/maps/place/?q=place_id:ChIJYydXOIpjz4cRk_hOniqnXnA
Askew Heating Air & Electrical,(601) 299-1012,No website,"info@hattiesburg.com, contact@hattiesburg.com, askew@hattiesburg.com",Pattern Generator,Hattiesburg,hvac,4.7,https://www.google.com/maps/place/?q=place_id:ChIJ_z1Jz13cnIgRBGAjp-YV6No
Finley River Towing,(417) 844-4015,No website,skaggs66@yahoo.com,Serper,1906 Selmore Rd,towing,4.7,https://www.google.com/maps/place/?q=place_id:ChIJ96nlKy5yz4cRmcDltg6wjYg
D & Sons Auto Repair Services,(417) 866-7071,No website,"info@903.com, contact@903.com, d@903.com",Pattern Generator,903 E Kearney St,auto,4.7,https://www.google.com/maps/place/?q=place_id:ChIJD1unhpdiz4cRad-BxcPuAzo
ViViD Hair Studio,(417) 414-1077,No website,vividsalon07@hotmail.Vivid,Serper,2821 S Fremont Ave,hair,4.7,https://www.google.com/maps/place/?q=place_id:ChIJ3Xb3rTNjz4cRmgamyLp4uKs
Reflections Barbershop LLC,(417) 771-5427,No website,"graveyalexander@gmail.com, reflectionsbshop1@yahoo.com, eeverett82@gmail.com",Serper,303 W Grand St,barber,4.6,https://www.google.com/maps/place/?q=place_id:ChIJh1_XtAhjz4cRgp-HkFMXOOk
Jack's Towing,(541) 746-9669,No website,"info@1673.com, contact@1673.com, jack's@1673.com",Pattern Generator,1673 Main St,towing,4.6,https://www.google.com/maps/place/?q=place_id:ChIJA0ql_U_gwFQRgy7hbRpoi4c
Drain King,(601) 606-4548,No website,"ContractAdministration@TampaGov.net, wib@thedrainkingllc.com",Serper,29 Moses Ln,plumber,4.5,https://www.google.com/maps/place/?q=place_id:ChIJc7JtIYrdnIgRmzaXcOk13XY
GATEWAY BARBERS,(458) 910-7183,No website,541fades.styles@gmail.com,Serper,3169 Gateway St,barber,4.5,https://www.google.com/maps/place/?q=place_id:ChIJNyaJaZThwFQR574HkWn76aw
RGS Contracting,(541) 285-4323,No website,"info@790.com, contact@790.com, rgs@790.com",Pattern Generator,790 30th St,contractor,4.5,https://www.google.com/maps/place/?q=place_id:ChIJQ6TpaUwwwVQRKftP_a7Dfn0
Auto Spa,,No website,"info@3394.com, contact@3394.com, auto@3394.com",Pattern Generator,3394 S Scenic Ave,car,4.4,https://www.google.com/maps/place/?q=place_id:ChIJC1i0-8Blz4cReBffPeo8FMM
Powerhouse Moving of Springfield,(417) 863-6683,No website,"info@1675.com, contact@1675.com, powerhouse@1675.com",Pattern Generator,1675 E Seminole St,moving,4.3,https://www.google.com/maps/place/?q=place_id:ChIJQXO-ktt8z4cRDjf8bA6l2j8
Rolando Landscaping,(978) 798-5382,No website,"info@rolandolcp.comContact, info@rolandolcp.com",Serper,33 Sylvan St,landscaper,4.2,https://www.google.com/maps/place/?q=place_id:ChIJHSKPr6rn5okRkAZfuy-b_pE
417 Mobile Auto Repair,(417) 893-0180,No website,417mobileautorepair@gmail.com,Serper,1161 W Division St,auto,4.2,https://www.google.com/maps/place/?q=place_id:ChIJexx9vaRjz4cRHRPZJesJMCY
"A+ Handyman Services, LLC",(417) 380-1392,No website,"info@3141.com, contact@3141.com, a+@3141.com",Pattern Generator,3141 S Newton Ave,handyman,4.1,https://www.google.com/maps/place/?q=place_id:ChIJ1VSiUnBkz4cRR5USAfSEpaM
Precision Plumbing,(601) 582-3658,No website,info@precisionplumbing.com,Serper,5048 Hwy 29,plumber,4.1,https://www.google.com/maps/place/?q=place_id:ChIJhTlGhGLbnIgRf75rOeE5evA
Refrigeration Associates,(417) 732-8529,No website,"mike@rsareps.About, ssanderson@apexengineering.com, dick.kelley@mseco.com, maggie.hua@smartuq.com",Serper,207 N Main St,appliance,4.1,https://www.google.com/maps/place/?q=place_id:ChIJtwqqfWBcz4cRBY6InmqeI0c
Power Electrician Springfield,(413) 465-2901,No website,mike@bertaarchitects.com,Serper,89 White Oak Rd,electrician,4.0,https://www.google.com/maps/place/?q=place_id:ChIJgUBad0Po5okR9DsHG6Mxom4
Dr. Neil Dukes,(719) 523-6985,No website,"nford@st-aug.edu, info@ivytech.edu",Serper,981 Main St,chiropractor,4.0,https://www.google.com/maps/place/?q=place_id:ChIJGfiM6Mrxa4cRg8MVZPEf1ZM
Hanks Appliances LLC,(541) 554-5175,No website,"info@103.com, contact@103.com, hanks@103.com",Pattern Generator,103 S 21st St,appliance,3.8,https://www.google.com/maps/place/?q=place_id:ChIJmc10RUngwFQRsqxGR6f7eSE
Vroom Car Wash,,No website,"info@2812.com, contact@2812.com, vroom@2812.com",Pattern Generator,2812 E Chestnut Expressway,car,3.7,https://www.google.com/maps/place/?q=place_id:ChIJnfH98d98z4cRwaedQFJozdM
Springfield Accounting Services,(417) 889-6259,No website,info@sutherlandcpa.com.Springfield,Serper,1525 E Republic Rd # B110,accountant,3.7,https://www.google.com/maps/place/?q=place_id:ChIJQ_Mbe89kz4cRFaf41Pi-7-Q
Pioneer Storage LLC,(541) 744-1184,No website,storagepioneer@gmail.Pioneer,Serper,1893 2nd St,storage,3.6,https://www.google.com/maps/place/?q=place_id:ChIJdeBrqrzhwFQRrZPxejIvPs0
Sunset Electric Inc,(541) 741-3885,No website,michelle@sunsetelectric.org,Serper,1600 28th St,electrician,3.5,https://www.google.com/maps/place/?q=place_id:ChIJ77vDq_DfwFQRTAHIUP1NfwU
Springfield Heating & Air Conditioning Service,(417) 244-8893,No website,shcpros@gmail.com,Serper,1315 W Chestnut Expy,appliance,3.5,https://www.google.com/maps/place/?q=place_id:ChIJ91Q71cp8z4cRYHRUyuSM00U
Christopher Plumbing,(601) 264-9495,No website,"info@8.com, contact@8.com, christopher@8.com",Pattern Generator,8 Brantley Dr,plumber,2.5,https://www.google.com/maps/place/?q=place_id:ChIJaQugXpfYnIgRbhB3Qkd4s1g
Castle Lawn Care,(417) 429-5785,No website,"HAL@HALCOFFEYLLC.COM, asnowdd@hotmail.com",Serper,2916 E Portland St,landscaper,2.2,https://www.google.com/maps/place/?q=place_id:ChIJq69U35V8z4cRhJLgxffspzs
Carefree Car Wash,,No website,RBRUCKER@MRWASH.COM,Serper,869 W Centennial Blvd,car,1.8,https://www.google.com/maps/place/?q=place_id:ChIJKUqHfjnhwFQRrmXjOs3AORY
Bright-Eyed Pups Dog Walking & Pet Sitting Service,(402) 525-1365,No website,"info@5904.com, contact@5904.com, bright-eyed@5904.com",Pattern Generator,5904 G St #6832,dog,,https://www.google.com/maps/place/?q=place_id:ChIJvdxV6LjhwFQRU9Nv2rMS8Jc
Handyman service,(541) 600-6824,No website,"services@handyman-nyc.com, manueljbeltran83@gmail.com",Serper,450 U St,handyman,,https://www.google.com/maps/place/?q=place_id:ChIJh13qFdThwFQRSzS9YnmeF-w
Personal Training & Performance,(417) 459-9870,No website,pegah.jimenez@i9sports.com,Serper,406 E Elm St,fitness,,https://www.google.com/maps/place/?q=place_id:ChIJRRqyf3tjz4cRDJhGRXQbuPc
Townsend Brothers Inc,(601) 544-2717,No website,"info@90.com, contact@90.com, townsend@90.com",Pattern Generator,90 Delk Rd,plumber,,https://www.google.com/maps/place/?q=place_id:ChIJcTiPxS7YnIgRJ7qkd7RsJ0c
