Business,Town,Service,Email,Source,Address,Phone,Date
La Mirada Electrical,La Mirada,electrician,info@lamirada.com,Pattern,"14630 Beach Blvd, La Mirada, CA 90638, USA",+1 714-485-6997,2026-02-20
La Mirada 24 Hour Electrician Services,La Mirada,electrician,harry.holland@lamirada24hourelectrician.com,Hunter.io,"16510 Valley View Ave, La Mirada, CA 90638, USA",+1 714-592-1977,2026-02-20
First Electric,La Mirada,electrician,contact@lamirada.com,Pattern,"12310 La Pomelo Rd, La Mirada, CA 90638, USA",+1 657-239-6331,2026-02-20
La Mirada Master Electrician,La Mirada,electrician,inquiry@lamiradamasterelectrician.com,Hunter.io,"14924 Leffingwell Rd, La Mirada, CA 90638, USA",+1 562-267-9099,2026-02-20
CRKT Electric,La Mirada,electrician,john@crktelectric.com,Hunter.io,"15256 Crosswood Rd, La Mirada, CA 90638, USA",+1 562-665-9067,2026-02-20
KW Electric Inc.,La Mirada,electrician,info@lamirada.com,Pattern,"13835 Visions Dr, La Mirada, CA 90638, USA",+1 562-631-9793,2026-02-20
Red Electricians,La Mirada,electrician,support@redelectricians.com,Hunter.io,"7662 Beach Blvd #546, Buena Park, CA 90620, USA",+1 714-463-1800,2026-02-20
Godfather Master Electrician,La Mirada,electrician,godfather@lamirada.com,Pattern,"15546 Heron Ave, La Mirada, CA 90638, USA",+1 714-684-1292,2026-02-20
Industrial Technical Services,La Mirada,electrician,ayee@industrialtechnicalservices.com,Hunter.io,"15300 Valley View Ave, La Mirada, CA 90638, USA",+1 714-256-4100,2026-02-20
AGENTS WEST INC.,La Mirada,electrician,jose@agentswest.com,Hunter.io,"14733 Industry Cir, La Mirada, CA 90638, USA",+1 949-614-0300,2026-02-20
Illume Electric Inc,La Mirada,electrician,info@illume-electric.com,Hunter.io,"12263 La Mirada Blvd, La Mirada, CA 90638, USA",+1 626-507-3535,2026-02-20
Orange HVAC,La Mirada,hvac,contact@lamirada.com,Pattern,"14930 Leffingwell Rd, La Mirada, CA 90638, USA",+1 562-442-1578,2026-02-20
Mobile Air & Power Rentals,La Mirada,hvac,jscavelli@mobileair.com,Hunter.io,"15116 Canary Ave, La Mirada, CA 90638, USA",+1 888-305-3038,2026-02-20
"Norwalk / La Mirada Plumbing, Heating & Air Conditioning",La Mirada,hvac,dskala@laplumber.com,Hunter.io,"11661 Firestone Blvd, Norwalk, CA 90650, USA",+1 562-219-4085,2026-02-20
Sunbelt Rentals Power & HVAC,La Mirada,hvac,ken.morello@sunbeltrentals.com,Hunter.io,"14861 Artesia Blvd, La Mirada, CA 90638, USA",+1 714-923-1890,2026-02-20
Fix Heating And Cooling #2 (FHC),La Mirada,hvac,fix@lamirada.com,Pattern,"15275, La Mirada, CA 90638, USA",+1 310-661-0845,2026-02-20
"Spot On Heating, Air, Plumbing & Electrical",La Mirada,hvac,spot@lamirada.com,Pattern,"12200 Washington Blvd E, Whittier, CA 90606, USA",+1 562-945-0979,2026-02-20
Most Valuable Tech Air Conditioning Inc,La Mirada,hvac,info@lamirada.com,Pattern,"9810 Painter Ave Unit H, Whittier, CA 90605, USA",+1 800-495-0688,2026-02-20
Efficient AC Repair Buena Park,La Mirada,hvac,efficient@lamirada.com,Pattern,"7621 State Rte 39, Buena Park, CA 90620, USA",+1 657-681-3035,2026-02-20
"Norwalk / La Mirada Plumbing, Heating & Air Conditioning",La Mirada,plumber,dskala@laplumber.com,Hunter.io,"11661 Firestone Blvd, Norwalk, CA 90650, USA",+1 562-219-4085,2026-02-20
Plumber XP,La Mirada,plumber,gabriel@plumberxp.com,Hunter.io,"1120 S Cypress St ste f, La Habra, CA 90631, USA",+1 562-448-2124,2026-02-20
"Graham Plumbing and Drain Cleaning, Inc.",La Mirada,plumber,office@lamirada.com,Pattern,"272 Gemini Ave, Brea, CA 92821, USA",+1 888-828-3872,2026-02-20
"Clearwater Plumbing Inc - Plumbing Contractor, Drain Repair and Sewer Contractor La Mirada, CA",La Mirada,plumber,contact@lamirada.com,Pattern,"13414 Marlette Dr, La Mirada, CA 90638, USA",,2026-02-20
R.K. Knight Plumbing & Rooter,La Mirada,plumber,info@rkknightplumbing.com,Hunter.io,"15929 Whittier Blvd, Whittier, CA 90603, USA",+1 562-947-5588,2026-02-20
A-1 Total Service Plumbing,La Mirada,plumber,office@lamirada.com,Pattern,"1061 S Cypress St, La Habra, CA 90631, USA",+1 562-579-4745,2026-02-20
Marvelous Plumbing,La Mirada,plumber,office@marvelousplumbinginc.com,Hunter.io,"6382 Roland St, Buena Park, CA 90621, USA",+1 657-747-7634,2026-02-20
Mitch Clemmons Plumbing,La Mirada,plumber,jobs@mitchclemmonsplumbing.com,Hunter.io,"16127 Whittier Blvd, Whittier, CA 90603, USA",+1 562-294-5230,2026-02-20
1st Plumber La Mirada,La Mirada,plumber,office@lamirada.com,Pattern,"15128 La Mirada Blvd, La Mirada, CA 90638, USA",+1 562-312-3372,2026-02-20
Serrano's plumbing inc,La Mirada,plumber,team@lamirada.com,Pattern,"14519 San Feliciano Dr, La Mirada, CA 90638, USA",+1 310-809-8674,2026-02-20
Repipe Max Inc.,La Mirada,plumber,office@lamirada.com,Pattern,"12263 La Mirada Blvd suite 364, La Mirada, CA 90638, USA",+1 714-388-6297,2026-02-20
Power Pro Plumbing Heating & Air,La Mirada,plumber,power@powerproplumbing.com,Hunter.io,"11441 Beach St, Cerritos, CA 90703, USA",+1 562-541-8225,2026-02-20
Clean Out Plumbing & Rooter,La Mirada,plumber,contact@lamirada.com,Pattern,"321 E 4th Ave, La Habra, CA 90631, USA",+1 562-579-5294,2026-02-20
Drainiacs Sewer and Drain,La Mirada,plumber,info@thedrainiacs.com,Hunter.io,"14200 Lambert Rd, Whittier, CA 90605, USA",+1 562-543-3887,2026-02-20
Trusted Whittier Plumbing,La Mirada,plumber,contact@lamirada.com,Pattern,"11602 California Ave, Whittier, CA 90605, USA",+1 562-203-3975,2026-02-20
Plumber's Kingdom,La Mirada,plumber,contact@lamirada.com,Pattern,"14900 County Hwy N8 #56, La Mirada, CA 90638, USA",+1 714-919-9227,2026-02-20
Prime Plumbers Whittier,La Mirada,plumber,contact@lamirada.com,Pattern,"15022 La Mirada Blvd, Whittier, CA 90604, USA",+1 562-358-5607,2026-02-20
Easy Roofing La Mirada,La Mirada,roofer,team@lamirada.com,Pattern,"13303 Biola Ave, La Mirada, CA 90638, USA",+1 562-442-3779,2026-02-20
Essential Roofing,La Mirada,roofer,office@lamirada.com,Pattern,"15300 Valley View Ave A15, La Mirada, CA 90638, USA",+1 714-602-0330,2026-02-20
Corvera Brothers Roofing,La Mirada,roofer,team@lamirada.com,Pattern,"12320 La Mirada Blvd #4, La Mirada, CA 90638, USA",+1 714-643-8400,2026-02-20
Roof Installation & Repair La Mirada,La Mirada,roofer,office@lamirada.com,Pattern,"12320 La Mirada Blvd, La Mirada, CA 90638, USA",+1 714-908-8769,2026-02-20
Quickfix Roof Repair & Commercial Roofing,La Mirada,roofer,quickfix@lamirada.com,Pattern,"15296 Rosecrans Ave #468, La Mirada, CA 90638, USA",+1 949-317-1834,2026-02-20
Signature Roof Design,La Mirada,roofer,office@lamirada.com,Pattern,"15912 Valley View Ave, La Mirada, CA 90638, USA",+1 562-306-1681,2026-02-20
Top Roofing Contractor,La Mirada,roofer,contact@lamirada.com,Pattern,"14241 E, 14241 Firestone Blvd suite 400, La Mirada, CA 90638, USA",+1 562-583-1061,2026-02-20
Roof Pro,La Mirada,roofer,cesar@roofprooc.com,Hunter.io,"2120 E Lambert Rd STE D, La Habra, CA 90631, USA",+1 714-752-6999,2026-02-20
Baja Roofing Inc.,La Mirada,roofer,jeremy@bajaroofing.com,Hunter.io,"8511 Wellsford Pl, Santa Fe Springs, CA 90670, USA",+1 562-699-5598,2026-02-20
Newell Roofing,La Mirada,roofer,info@lamirada.com,Pattern,"14359 Plantana Dr, La Mirada, CA 90638, USA",,2026-02-20
ReliableGuard Roofing Services,La Mirada,roofer,team@lamirada.com,Pattern,"12931 Oakwood Ln, La Mirada, CA 90638, USA",+1 408-644-4850,2026-02-20
DENCO ROOFING COMPANY,La Mirada,roofer,team@lamirada.com,Pattern,"13303 Biola Ave, La Mirada, CA 90638, USA",+1 323-210-8529,2026-02-20
roofer,La Mirada,roofer,team@lamirada.com,Pattern,"13620 Kellwood Ct, La Mirada, CA 90638, USA",,2026-02-20
Tropical Asphalt Roofing Products Corporation,La Mirada,roofer,media@tropicalroofingproducts.com,Hunter.io,"14435 Macaw St, La Mirada, CA 90638, USA",+1 714-739-1408,2026-02-20
