Business,Phone,Presence,Email (Enriched),Search Provider Used,Town,Service,Rating,GoogleMaps Link
Leader Electrician,(470) 649-0679,No website,info@leaderelectric.com.au,Serper,2470 Windy Hill Rd SE,electrician,5.0,https://www.google.com/maps/place/?q=place_id:ChIJYeVLi9gR9YgRjqk-ZOB0j7g
2020 Appliances Repair LLLP,(229) 404-7320,No website,gt676@1800radiator.com,Serper,1245 W Booth Rd Ext SW,appliance,5.0,https://www.google.com/maps/place/?q=place_id:ChIJDcVcj-MX9YgRM1eOLQTb8Hk
Bayou Lawn Specialist,(318) 235-1961,No website,"info@1115.com, contact@1115.com, bayou@1115.com",Pattern Generator,1115 LA-139,landscaper,5.0,https://www.google.com/maps/place/?q=place_id:ChIJ0aGJ5lJFLoYRJV3u8GJ4sFQ
Southeast Construction Inc,(318) 340-0841,No website,cory.landry@la.gov,Serper,113 Pavillion Rd,contractor,5.0,https://www.google.com/maps/place/?q=place_id:ChIJjyOMHJo3LoYR7O-Fv3oKH84
Mr. Electric of Monroe,(318) 557-2775,No website,"info@1651.com, contact@1651.com, mr@1651.com",Pattern Generator,1651 Louisville Ave,electrician,5.0,https://www.google.com/maps/place/?q=place_id:ChIJ11bV5REOLoYRwaIkyLsa4Y4
SNS Electrical,(318) 789-7654,No website,druesnselectric@gmail.com,Serper,517 Harrison St,electrician,5.0,https://www.google.com/maps/place/?q=place_id:ChIJhz-EB_xJLoYRwqHCCbr0AF0
Discount Sewer & Drain Cleaning,(318) 283-7668,No website,"info@2396.com, contact@2396.com, discount@2396.com",Pattern Generator,2396 LA-139,plumber,5.0,https://www.google.com/maps/place/?q=place_id:ChIJQ8p_jDVbLoYR8zNE63E-5z4
Bastoe Plumbing,(318) 397-2169,No website,Info@monroeplumbing.net,Serper,708 N 30th St,plumber,5.0,https://www.google.com/maps/place/?q=place_id:ChIJ3QDbZSNGLoYRp_Kt4CG_DgM
Premier Plumbing,,No website,jjudd@prairiestateinc.com,Serper,704 Trenton St,plumber,5.0,https://www.google.com/maps/place/?q=place_id:ChIJg5ur4hJILoYRissPQh36GzE
Expert Tax Services,(770) 951-8485,No website,"info@124.com, contact@124.com, expert@124.com",Pattern Generator,124 Powers Ferry Rd # D,accountant,5.0,https://www.google.com/maps/place/?q=place_id:ChIJzZCp8JcR9YgRDHSO6qbT7E4
Glenn Turner Electric Co,(770) 427-9096,No website,theusaccreditedbusiness@gmail.com,Serper,52 Austin Ave NE,electrician,5.0,https://www.google.com/maps/place/?q=place_id:ChIJLeMtMwUU9YgRf9q0TOJqmr0
"Here Cuts Barber, Salon and Braids",(770) 873-8266,No website,"info@1200.com, contact@1200.com, here@1200.com",Pattern Generator,1200 Cobb Pkwy N ste 400,barber,5.0,https://www.google.com/maps/place/?q=place_id:ChIJ0W9n54YV9YgRNGLGM2IVGtU
Mr. Perfect Handyman LLC,(404) 375-5355,No website,ohad@mr-perfect-handyman.com,Serper,4141 Clubland Dr,handyman,5.0,https://www.google.com/maps/place/?q=place_id:ChIJAQAwtYwN9YgR3qckfnQaHDo
East Cobb Handyman Services LLC,(470) 318-8465,No website,eastcobbhandymanservices@gmail.com,Serper,3228 Holly Mill Run,handyman,5.0,https://www.google.com/maps/place/?q=place_id:ChIJ5Tk2VnVNmI4ReQ2GOHw0MO0
Urrutia's Landscaping,(425) 772-5910,No website,info@missionsfestseattle.org,Serper,18679 Rainier View Rd SE,landscaper,5.0,https://www.google.com/maps/place/?q=place_id:ChIJT20ndkGmmlQRoiQxp5V1TvA
Don Meyer Electric,(470) 649-0813,No website,TeamDelMonte@stretto.com,Serper,1257 Kennestone Cir,electrician,5.0,https://www.google.com/maps/place/?q=place_id:ChIJcXLYMJsV9YgR9rKuTXGl4uQ
Class-Z Tow Trucks,(470) 536-9060,No website,"powersferry@dwcampbelltire.com, RA_HTTUS_Parts@harsco.com",Serper,1291 Powers Ferry Rd,towing,5.0,https://www.google.com/maps/place/?q=place_id:ChIJvY0YuaqtbocRAvogaEMRVck
Chi & Anders Towing And Roadside Assistance,(470) 385-0909,No website,chianders@yahoo.com,Serper,2401 Windy Hill Rd SE Apt 2425B,towing,5.0,https://www.google.com/maps/place/?q=place_id:ChIJ00QGqQM99YgRBGN03Hr2Qt0
Square Cutz LLC,(770) 218-5547,No website,"squarecutz@gmail.Square, squarecutz1@yahoo.com, Squarecutz1@yahoo.com",Serper,31 Mill St Suite #600,barber,4.9,https://www.google.com/maps/place/?q=place_id:ChIJY6T74yQU9YgRtLFmwvrdXRM
Superior Handyman,(404) 944-1807,No website,"info@4409.com, contact@4409.com, superior@4409.com",Pattern Generator,4409 Wood Creek Dr,handyman,4.9,https://www.google.com/maps/place/?q=place_id:ChIJUdsILslt9YgR-Jo1ffW6EK0
Gents and Lads Barbershop Parlor,(404) 400-5151,No website,"info@2470.com, contact@2470.com, gents@2470.com",Pattern Generator,2470 Windy Hill Rd SE Suite 161,barber,4.9,https://www.google.com/maps/place/?q=place_id:ChIJDz3uX1gi9YgRDRcz2Ft24hs
NM&G Remodeling LLC.,(404) 940-2212,No website,info@nmgremodeling.com,Serper,375 Cranfill Rd SE,contractor,4.9,https://www.google.com/maps/place/?q=place_id:ChIJ_XFau8IW9YgRYmBc-pinEi0
Creative Plumbing Solutions,(425) 306-3828,No website,creativeplumbingsol@gmail.com,Serper,16995 Wales St SE,plumber,4.8,https://www.google.com/maps/place/?q=place_id:ChIJRzW9GgKnmlQRLjobCdGaj-k
"Crawford's Auto Repair, Inc.",(770) 635-8890,No website,"info@1609.com, contact@1609.com, crawford's@1609.com",Pattern Generator,1609 Lower Roswell Rd,auto,4.8,https://www.google.com/maps/place/?q=place_id:ChIJew5KEeYT9YgR0WWArfCYztc
Action Plumbing,,No website,ben.jordan@actionplumbing.net,Hunter.io,122 Laurel St,plumber,4.8,https://www.google.com/maps/place/?q=place_id:ChIJ-UbEthPNL4YRRx2brpKkUj0
Whitlock W H Accounting Service,(770) 428-1063,No website,"info@739.com, contact@739.com, whitlock@739.com",Pattern Generator,739 Kennesaw Ave NW,accountant,4.8,https://www.google.com/maps/place/?q=place_id:ChIJ0T1UV7MV9YgR6gH3KD0S5YU
Paws Amore Pet Sitting and Dog Walking,(770) 722-3121,No website,team@pawsamore.com,Serper,1264 Concord Rd SE #201,dog,4.7,https://www.google.com/maps/place/?q=place_id:ChIJe2g3AzMY9YgRH7X7ComozQA
Lucy Hair Salon,(678) 560-2380,No website,lubimkah@yahoo.com,Serper,2200 Roswell Rd,hair,4.7,https://www.google.com/maps/place/?q=place_id:ChIJpaBR2bAT9YgRhOfK-ktPHtU
Susan's Pet Care,(770) 971-3647,No website,smatre@aol.com,Serper,2217 Roswell Rd,pet,4.7,https://www.google.com/maps/place/?q=place_id:ChIJC7RXX7AT9YgRimuNQ87oiNA
cesar auto repair,(404) 488-6123,No website,support@aerboise.com,Hunter.io,155 Fairground St SE,auto,4.7,https://www.google.com/maps/place/?q=place_id:ChIJdapefBwU9YgReTUdBGT1x0w
Tapers Barber Shop,(770) 272-0202,No website,barbershoptapers@yahoo.com,Serper,1854 Terrell Mill Rd Unit 102,barber,4.6,https://www.google.com/maps/place/?q=place_id:ChIJWdLHeQ8R9YgRaBCL3pFtwbw
Gregory's Grooming Salon,(770) 429-9008,No website,gregorysgroomingsalon@gmail.com,Serper,3451 Ernest W Barrett Pkwy NW #145,pet,4.6,https://www.google.com/maps/place/?q=place_id:ChIJORypP-I99YgRuN5Y7_nX5SQ
GEM Contractors Inc,(770) 421-1499,No website,david.maytom@cpbcon.com.au,Hunter.io,1499 Old 41 Hwy NW,contractor,4.6,https://www.google.com/maps/place/?q=place_id:ChIJw6L8Tq0V9YgRv9u-WJbcYWg
Danny Mcgough Roofing,(318) 732-0684,No website,"info@204.com, contact@204.com, danny@204.com",Pattern Generator,204 Harn St,roofer,4.5,https://www.google.com/maps/place/?q=place_id:ChIJZ0mzVTVGLoYR-QHMCoVKy_4
Franklin Auto Repair,(678) 354-2515,No website,john@franklinautorepair.ca,Hunter.io,890 Franklin Gateway SE,auto,4.5,https://www.google.com/maps/place/?q=place_id:ChIJtb26TG8R9YgRo2Wf2RXRfoE
Marietta Hand Car Wash,(678) 508-3706,No website,"info@520.com, contact@520.com, marietta@520.com",Pattern Generator,520 Cobb Pkwy N,car,4.5,https://www.google.com/maps/place/?q=place_id:ChIJW_0GRA0U9YgRiC6oT7-FDzQ
Falcon Towing & Transportation,(770) 422-3065,No website,"joefalcon09@aol.com, falcontow2005@aol.com",Serper,1733 Canton Rd,towing,4.5,https://www.google.com/maps/place/?q=place_id:ChIJzzlLwiMV9YgRx5tIhdRXO7A
Mario's Auto Repair,(678) 324-8772,No website,"info@51.com, contact@51.com, mario's@51.com",Pattern Generator,51 Fairground St SE,auto,4.2,https://www.google.com/maps/place/?q=place_id:ChIJg-U2T18V9YgRct26cFEzLJA
Self Car Wash,,No website,"Billy.staycleandetailing@gmail.com, wheeler.june.l@dol.gov",Serper,1590 Roswell Rd,car,4.2,https://www.google.com/maps/place/?q=place_id:ChIJPakjD-YT9YgRhjy5eBKiGRE
Perfect Paws Mobile Grooming & Spa,(404) 921-7919,No website,"info@2350.com, contact@2350.com, perfect@2350.com",Pattern Generator,2350 Cobb Parkway 24B,pet,4.1,https://www.google.com/maps/place/?q=place_id:ChIJ_6A6FlUQ9YgRrNTtTKaSnv0
GreenGrazz Landscape Services,(318) 515-7292,No website,ronnie@greengrazz.com,Serper,2308 Whitney Dr,landscaper,4.1,https://www.google.com/maps/place/?q=place_id:ChIJexcJ1klGLoYRmOHfl3z8HVw
Car Wash,(678) 993-6531,No website,jeff@roicommercialadvisors.com,Serper,3680 Austell Rd SW,car,4.1,https://www.google.com/maps/place/?q=place_id:ChIJiVRJdPoX9YgRk48eDDnF9lY
Bruce Plumbing Co,(318) 396-2575,No website,ben@bruceplumbing.com.au,Hunter.io,109 Green Rd,plumber,4.0,https://www.google.com/maps/place/?q=place_id:ChIJjb3JGeQ5LoYRCYCtb1nE36M
Gunderson Plumbing,(360) 794-5335,No website,info@lafayetteindianaplumber.com,Hunter.io,17700 147th St SE F,plumber,3.8,https://www.google.com/maps/place/?q=place_id:ChIJwXyT7k2mmlQRIoMHcZpk7Vg
Mann's Construction Inc,(318) 322-3051,No website,ppalanisamy@mansonconstruction.com,Hunter.io,509 Smith St,contractor,3.6,https://www.google.com/maps/place/?q=place_id:ChIJjxQsAcg3LoYRueF9Hh-yLGY
Bishop Electric,(318) 387-1643,No website,bishopelectricheatingandair@gmail.com,Serper,Monroe,electrician,2.3,https://www.google.com/maps/place/?q=place_id:ChIJVVVVVSVGLoYRncQIP1T5xB0
Everyday Paws and Pet Care,(678) 477-6819,No website,"info@1338.com, contact@1338.com, everyday@1338.com",Pattern Generator,1338 Shaw Dr NE,dog,,https://www.google.com/maps/place/?q=place_id:ChIJc9xk9kMT9YgR_pbSV2KKbGE
Pet Nannies Rock,(404) 454-8307,No website,info@petnanniesllc.com,Serper,1166 Booth Rd SW APT 702,dog,,https://www.google.com/maps/place/?q=place_id:ChIJC0Z75xQX9YgR5J5XrLw2WwU
Dog house,(678) 670-1624,No website,sales@scotsgenealogy.com,Serper,1831 Candy Ln SW,dog,,https://www.google.com/maps/place/?q=place_id:ChIJWVrVEgwX9YgR13o3B7v4DzI
Jones Electrical Contracting,(318) 396-5382,No website,"info@310.com, contact@310.com, jones@310.com",Pattern Generator,310 Walnut St Apt. 22,electrician,,https://www.google.com/maps/place/?q=place_id:ChIJd7IOwG5ILoYRQosAY61_5ww
